Krvne vezi,1,100,2014-03-01
Krvne vezi,2,250,2014-03-01
Krvne vezi,3,500,2014-03-01
Krvne vezi,4,650,2014-03-01
Krvne vezi,5,800,2014-03-01
Krvne vezi,6,1000,2014-03-01
Krvne vezi,1,100,2014-03-02
Krvne vezi,2,250,2014-03-02
Krvne vezi,3,500,2014-03-02
Krvne vezi,4,650,2014-03-02
Krvne vezi,5,800,2014-03-02
Krvne vezi,6,1000,2014-03-02
Krvne vezi,1,100,2014-03-03
Krvne vezi,2,250,2014-03-03
Krvne vezi,3,500,2014-03-03
Krvne vezi,4,650,2014-03-03
Krvne vezi,5,800,2014-03-03
Krvne vezi,6,1000,2014-03-03
Krvne vezi,1,100,2014-03-04
Krvne vezi,2,250,2014-03-04
Krvne vezi,3,500,2014-03-04
Krvne vezi,4,650,2014-03-04
Krvne vezi,5,800,2014-03-04
Krvne vezi,6,1000,2014-03-04
Krvne vezi,1,100,2014-03-05
Krvne vezi,2,250,2014-03-05
Krvne vezi,3,500,2014-03-05
Krvne vezi,4,650,2014-03-05
Krvne vezi,5,800,2014-03-05
Krvne vezi,6,1000,2014-03-05
Krvne vezi,1,100,2014-03-06
Krvne vezi,2,250,2014-03-06
Krvne vezi,3,500,2014-03-06
Krvne vezi,4,650,2014-03-06
Krvne vezi,5,800,2014-03-06
Krvne vezi,6,1000,2014-03-06
Krvne vezi,1,100,2014-03-07
Krvne vezi,2,250,2014-03-07
Krvne vezi,3,500,2014-03-07
Krvne vezi,4,650,2014-03-07
Krvne vezi,5,800,2014-03-07
Krvne vezi,6,1000,2014-03-07
Krvne vezi,1,100,2014-03-08
Krvne vezi,2,250,2014-03-08
Krvne vezi,3,500,2014-03-08
Krvne vezi,4,650,2014-03-08
Krvne vezi,5,800,2014-03-08
Krvne vezi,6,1000,2014-03-08
Krvne vezi,1,100,2014-03-09
Krvne vezi,2,250,2014-03-09
Krvne vezi,3,500,2014-03-09
Krvne vezi,4,650,2014-03-09
Krvne vezi,5,800,2014-03-09
Krvne vezi,6,1000,2014-03-09
Krvne vezi,1,100,2014-03-10
Krvne vezi,2,250,2014-03-10
Krvne vezi,3,500,2014-03-10
Krvne vezi,4,650,2014-03-10
Krvne vezi,5,800,2014-03-10
Krvne vezi,6,1000,2014-03-10
Krvne vezi,1,100,2014-03-11
Krvne vezi,2,250,2014-03-11
Krvne vezi,3,500,2014-03-11
Krvne vezi,4,650,2014-03-11
Krvne vezi,5,800,2014-03-11
Krvne vezi,6,1000,2014-03-11
Krvne vezi,1,100,2014-03-12
Krvne vezi,2,250,2014-03-12
Krvne vezi,3,500,2014-03-12
Krvne vezi,4,650,2014-03-12
Krvne vezi,5,800,2014-03-12
Krvne vezi,6,1000,2014-03-12
Krvne vezi,1,100,2014-03-13
Krvne vezi,2,250,2014-03-13
Krvne vezi,3,500,2014-03-13
Krvne vezi,4,650,2014-03-13
Krvne vezi,5,800,2014-03-13
Krvne vezi,6,1000,2014-03-13
Krvne vezi,1,100,2014-03-14
Krvne vezi,2,250,2014-03-14
Krvne vezi,3,500,2014-03-14
Krvne vezi,4,650,2014-03-14
Krvne vezi,5,800,2014-03-14
Krvne vezi,6,1000,2014-03-14
Krvne vezi,1,100,2014-03-15
Krvne vezi,2,250,2014-03-15
Krvne vezi,3,500,2014-03-15
Krvne vezi,4,650,2014-03-15
Krvne vezi,5,800,2014-03-15
Krvne vezi,6,1000,2014-03-15
Krvne vezi,1,100,2014-03-16
Krvne vezi,2,250,2014-03-16
Krvne vezi,3,500,2014-03-16
Krvne vezi,4,650,2014-03-16
Krvne vezi,5,800,2014-03-16
Krvne vezi,6,1000,2014-03-16
Krvne vezi,1,100,2014-03-17
Krvne vezi,2,250,2014-03-17
Krvne vezi,3,500,2014-03-17
Krvne vezi,4,650,2014-03-17
Krvne vezi,5,800,2014-03-17
Krvne vezi,6,1000,2014-03-17
Krvne vezi,1,100,2014-03-18
Krvne vezi,2,250,2014-03-18
Krvne vezi,3,500,2014-03-18
Krvne vezi,4,650,2014-03-18
Krvne vezi,5,800,2014-03-18
Krvne vezi,6,1000,2014-03-18
Krvne vezi,1,100,2014-03-19
Krvne vezi,2,250,2014-03-19
Krvne vezi,3,500,2014-03-19
Krvne vezi,4,650,2014-03-19
Krvne vezi,5,800,2014-03-19
Krvne vezi,6,1000,2014-03-19
Krvne vezi,1,100,2014-03-20
Krvne vezi,2,250,2014-03-20
Krvne vezi,3,500,2014-03-20
Krvne vezi,4,650,2014-03-20
Krvne vezi,5,800,2014-03-20
Krvne vezi,6,1000,2014-03-20
Krvne vezi,1,100,2014-03-21
Krvne vezi,2,250,2014-03-21
Krvne vezi,3,500,2014-03-21
Krvne vezi,4,650,2014-03-21
Krvne vezi,5,800,2014-03-21
Krvne vezi,6,1000,2014-03-21
Krvne vezi,1,100,2014-03-22
Krvne vezi,2,250,2014-03-22
Krvne vezi,3,500,2014-03-22
Krvne vezi,4,650,2014-03-22
Krvne vezi,5,800,2014-03-22
Krvne vezi,6,1000,2014-03-22
Krvne vezi,1,100,2014-03-23
Krvne vezi,2,250,2014-03-23
Krvne vezi,3,500,2014-03-23
Krvne vezi,4,650,2014-03-23
Krvne vezi,5,800,2014-03-23
Krvne vezi,6,1000,2014-03-23
Krvne vezi,1,100,2014-03-24
Krvne vezi,2,250,2014-03-24
Krvne vezi,3,500,2014-03-24
Krvne vezi,4,650,2014-03-24
Krvne vezi,5,800,2014-03-24
Krvne vezi,6,1000,2014-03-24
Krvne vezi,1,100,2014-03-25
Krvne vezi,2,250,2014-03-25
Krvne vezi,3,500,2014-03-25
Krvne vezi,4,650,2014-03-25
Krvne vezi,5,800,2014-03-25
Krvne vezi,6,1000,2014-03-25
Krvne vezi,1,100,2014-03-26
Krvne vezi,2,250,2014-03-26
Krvne vezi,3,500,2014-03-26
Krvne vezi,4,650,2014-03-26
Krvne vezi,5,800,2014-03-26
Krvne vezi,6,1000,2014-03-26
Krvne vezi,1,100,2014-03-27
Krvne vezi,2,250,2014-03-27
Krvne vezi,3,500,2014-03-27
Krvne vezi,4,650,2014-03-27
Krvne vezi,5,800,2014-03-27
Krvne vezi,6,1000,2014-03-27
Krvne vezi,1,100,2014-03-28
Krvne vezi,2,250,2014-03-28
Krvne vezi,3,500,2014-03-28
Krvne vezi,4,650,2014-03-28
Krvne vezi,5,800,2014-03-28
Krvne vezi,6,1000,2014-03-28
Krvne vezi,1,100,2014-03-29
Krvne vezi,2,250,2014-03-29
Krvne vezi,3,500,2014-03-29
Krvne vezi,4,650,2014-03-29
Krvne vezi,5,800,2014-03-29
Krvne vezi,6,1000,2014-03-29
Krvne vezi,1,100,2014-03-30
Krvne vezi,2,250,2014-03-30
Krvne vezi,3,500,2014-03-30
Krvne vezi,4,650,2014-03-30
Krvne vezi,5,800,2014-03-30
Krvne vezi,6,1000,2014-03-30
Krvne vezi,1,100,2014-03-31
Krvne vezi,2,250,2014-03-31
Krvne vezi,3,500,2014-03-31
Krvne vezi,4,650,2014-03-31
Krvne vezi,5,800,2014-03-31
Krvne vezi,6,1000,2014-03-31
Krvne vezi,1,100,2014-04-01
Krvne vezi,2,250,2014-04-01
Krvne vezi,3,500,2014-04-01
Krvne vezi,4,650,2014-04-01
Krvne vezi,5,800,2014-04-01
Krvne vezi,6,1000,2014-04-01
Krvne vezi,1,100,2014-04-02
Krvne vezi,2,250,2014-04-02
Krvne vezi,3,500,2014-04-02
Krvne vezi,4,650,2014-04-02
Krvne vezi,5,800,2014-04-02
Krvne vezi,6,1000,2014-04-02
Krvne vezi,1,100,2014-04-03
Krvne vezi,2,250,2014-04-03
Krvne vezi,3,500,2014-04-03
Krvne vezi,4,650,2014-04-03
Krvne vezi,5,800,2014-04-03
Krvne vezi,6,1000,2014-04-03
Krvne vezi,1,100,2014-04-04
Krvne vezi,2,250,2014-04-04
Krvne vezi,3,500,2014-04-04
Krvne vezi,4,650,2014-04-04
Krvne vezi,5,800,2014-04-04
Krvne vezi,6,1000,2014-04-04
Krvne vezi,1,100,2014-04-05
Krvne vezi,2,250,2014-04-05
Krvne vezi,3,500,2014-04-05
Krvne vezi,4,650,2014-04-05
Krvne vezi,5,800,2014-04-05
Krvne vezi,6,1000,2014-04-05
Krvne vezi,1,100,2014-04-06
Krvne vezi,2,250,2014-04-06
Krvne vezi,3,500,2014-04-06
Krvne vezi,4,650,2014-04-06
Krvne vezi,5,800,2014-04-06
Krvne vezi,6,1000,2014-04-06
Krvne vezi,1,100,2014-04-07
Krvne vezi,2,250,2014-04-07
Krvne vezi,3,500,2014-04-07
Krvne vezi,4,650,2014-04-07
Krvne vezi,5,800,2014-04-07
Krvne vezi,6,1000,2014-04-07
Krvne vezi,1,100,2014-04-08
Krvne vezi,2,250,2014-04-08
Krvne vezi,3,500,2014-04-08
Krvne vezi,4,650,2014-04-08
Krvne vezi,5,800,2014-04-08
Krvne vezi,6,1000,2014-04-08
Krvne vezi,1,100,2014-04-09
Krvne vezi,2,250,2014-04-09
Krvne vezi,3,500,2014-04-09
Krvne vezi,4,650,2014-04-09
Krvne vezi,5,800,2014-04-09
Krvne vezi,6,1000,2014-04-09
Krvne vezi,1,100,2014-04-10
Krvne vezi,2,250,2014-04-10
Krvne vezi,3,500,2014-04-10
Krvne vezi,4,650,2014-04-10
Krvne vezi,5,800,2014-04-10
Krvne vezi,6,1000,2014-04-10
